_id,year,rating,director
6,2016,unrated,
17,2016,G,
16,2016,unrated,
18,2016,unrated,
19,2016,G,
20,2016,G,
11,2016,unrated,
12,2016,unrated,
21,2016,unrated,
13,2016,unrated,
23,2016,unrated,
25,2016,unrated,
24,2016,unrated,
28,2016,unrated,
26,2016,unrated,
22,2016,unrated,
27,2015,G,
32,1978,unrated,
29,2016,unrated,
30,2016,G,
31,2016,unrated,
33,2016,G,
8,2016,unrated,
15,2016,G,
9,2016,unrated,
7,2016,G,
10,2016,G,
3,2016,unrated,
5,2016,G,
14,2016,G,
2,2012,unrated,
34,2016,G,
4,2016,unrated,
36,2016,unrated,
35,2016,unrated,
37,2014,G,
38,2016,unrated,
40,2016,unrated,
42,2016,unrated,
39,2016,unrated,
41,2016,unrated,
43,2016,unrated,
45,2016,unrated,
44,2016,unrated,
46,2007,unrated,
48,2016,unrated,
50,2016,unrated,
51,2015,G,
49,2016,unrated,
53,2016,unrated,
52,2016,unrated,
54,2014,unrated,
56,2016,G,
57,2016,unrated,
55,2008,G,
58,2016,unrated,
59,2016,unrated,
1,2014,G,
60,2016,unrated,
62,2016,unrated,
47,2016,unrated,
61,2016,unrated,
65,2006,G,
70,2016,unrated,
69,2016,unrated,
68,2015,G,
67,2016,unrated,
71,2016,unrated,
77,2012,G,
82,2016,unrated,
80,2016,unrated,
84,2014,G,
63,2016,unrated,
81,2010,G,
83,2013,G,
88,2009,G,
87,2016,unrated,
85,2015,unrated,
86,2015,unrated,
90,2016,unrated,
92,2016,unrated,
73,2016,unrated,
94,2016,unrated,
95,2015,G,
91,2013,G,
93,2007,G,
96,2016,unrated,
89,2015,G,
66,2014,unrated,
97,2016,G,
74,2016,unrated,
64,2015,unrated,
78,2009,G,
79,2006,unrated,
76,2016,unrated,
75,2016,G,
100,2006,G,
98,2016,unrated,
99,2016,unrated,
72,2016,unrated,
